title,published_at,duration,view_count,like_count,comment_count,year
#shorts The Best,17-05-2021,PT60S,265538660,6532586,24063.00,2021
Happy friendship day guysâ¤ï¸â€¦.#shorts #rajgrover #friendshipday #friend,01-08-2021,PT28S,81334471,3100535,2154.00,2021
CUANTOS EMOJIS HAY,13-08-2021,PT10S,172372062,5077078,0.00,2021
BandağŸ¥µâœ‹ aquÃ­ no era el baÃ±o wE #freefire #freefireelvenao #freefirelatam #shorts,23-08-2021,PT29S,22930446,1357539,15676.00,2021
I HAVE BANGSâ€¦ #Shorts,30-08-2021,PT23S,555825641,16003237,0.00,2021
Ğ¡Ğ°Ğ¼Ñ‹Ğµ Ğ·Ğ°Ğ±Ğ°Ğ²Ğ½Ñ‹Ğµ ÑˆĞºĞ¾Ğ»ÑŒĞ½Ñ‹Ğµ Ğ¾Ñ‚Ğ²ĞµÑ‚Ñ‹ #Shorts,03-09-2021,PT17S,13026666,579808,1466.00,2021
HAZ MOCO DE HELADO KAWAII #Shorts,12-09-2021,PT59S,4186296,276510,0.00,2021
#just for fun ğŸ¤¦ğŸ¤ªğŸ˜±#nani vijayawada abbayi#shorts,14-09-2021,PT13S,29821502,788228,2500.00,2021
heart touching videoâ¤ï¸ #shorts,17-09-2021,PT60S,40427828,2962016,5118.00,2021
Sagawa1gou funny video ğŸ˜‚ğŸ˜‚ğŸ˜‚ | SAGAWA Best TikTok 2021 #shorts,21-09-2021,PT27S,220588235,4469857,12331.00,2021
funny shorts video for you | Try NOT to LaughğŸ˜œ,11-10-2021,PT59S,184936097,4801370,970.00,2021
Wer klingt am besten? ğŸ˜‚ğŸ¤ #916house #916shorts #shorts,18-10-2021,PT39S,3176560,119653,6868.00,2021
The traitor ğŸ˜­ #shorts by Tsuriki Show,30-10-2021,PT45S,71072301,1597321,2000.00,2021
à¤œà¤¬ à¤­à¤¾à¤ˆ à¤•à¥‹ à¤ªà¤¤à¤¾ à¤šà¤²à¤¾ à¤¬à¤¹à¤¨ à¤•à¤¾ à¤¸à¤š ...ğŸ˜¢ğŸ˜¢ #Shorts #TKFShorts #TKF,05-11-2021,PT60S,43163603,2734729,3425.00,2021
Ab  chikky ki kya galti thi isme:( #rjkarishma #shorts #trend,09-11-2021,PT60S,57758722,3497712,4578.00,2021
WHEN UR SPANISH IS REALLY BAD ğŸ’€ğŸ’€ #shorts #liveaquaurbanresortmonterrey,17-11-2021,PT46S,53190142,2638987,4409.00,2021
"nyobain Rope Launcher, tapi kok punya gw kayaknya KW ya ? ğŸ˜­ #shorts",18-11-2021,PT36S,37290347,799847,1531.00,2021
"nyobain Rope Launcher, tapi kok punya gw kayaknya KW ya ? ğŸ˜­ #shorts",18-11-2021,PT36S,37290347,799847,1531.00,2021
3 LUGARES MAIS TERRÃVEIS PARA NADAR! #Shorts,20-11-2021,PT54S,5808632,558894,763.00,2021
What really happened?? #Shorts,21-11-2021,PT60S,12492092,453718,2089.00,2021
I WANT SUMO DORITOS ğŸ˜‚ #shorts #funny #viral,28-11-2021,PT25S,274240958,3701376,0.00,2021
WHEN YOU GET ROBUX FOR THE FIRST TIME #shorts @OKEHGamingTV,28-11-2021,PT48S,55841071,2214650,15062.00,2021
Winderson Nunes Challenge | #shorts #25centavos #25centavoschallenge #whinderssonnunes,04-12-2021,PT38S,20298660,1273774,0.00,2021
Badi Behan vs Choti Behan Part - 3 | à¤¬à¤¡à¤¼à¥€ vs à¤›à¥‹à¤Ÿà¥€ à¤¬à¤¹à¤¨ | #Shorts #TKFShorts #trending,07-12-2021,PT60S,53002775,2762193,671.00,2021
à¤•à¤¾à¤®à¤µà¤¾à¤²à¥€ à¤¬à¤¾à¤ˆ à¤”à¤° New Year | Part 6 #Shorts #TKFShorts #TKF,30-12-2021,PT60S,121388034,6547352,4983.00,2021
HE'S WORKING LATE ğŸ§,02-01-2022,PT60S,104666233,5146552,38101.00,2022
Is new year dusro ko khushiyaan Baato â¤ï¸ | Gulshan kalra #shorts #happynewyear,06-01-2022,PT60S,37157086,2332298,0.00,2022
Is new year dusro ko khushiyaan Baato â¤ï¸ | Gulshan kalra #shorts #happynewyear,06-01-2022,PT60S,37157086,2332298,0.00,2022
CÆ¯á»šP CÃ”NG NUÃ”I DÆ¯á» NG #Shorts,07-01-2022,PT60S,30751661,1009811,3140.00,2022
à¤µà¥˜à¥à¤¤ à¤¬à¤¦à¤² à¤—à¤¯à¤¾ à¤œà¥›à¥à¤¬à¤¾à¤¤ à¤¬à¤¦à¤² à¤—à¤! ğŸ˜‚ Every Relationship Ever! #relationship #Shorts #TKFShorts,09-01-2022,PT42S,14896473,672684,635.00,2022
gold Ø°Ù‡Ø¨ #shorts,11-01-2022,PT10S,128484060,978090,880.00,2022
Salute to Indian army ğŸ˜­â¤ï¸|| Gulshan kalra #happyrepublicday2022 #shorts,18-01-2022,PT60S,80582274,4987067,5249.00,2022
When he seeâ€™s the photo!ğŸ˜®ğŸ˜± #Shorts,27-01-2022,PT60S,183562016,3863086,12509.00,2022
Doctor gets busted!ğŸ˜± #Shorts,30-01-2022,PT60S,295572815,2386823,3213.00,2022
YOUNGER SIBLINGS ALWAYS GET THEIR WAYğŸ˜­ğŸ¤¦ğŸ½â€â™‚ï¸ğŸ˜‚ #shorts #viral,02-02-2022,PT31S,36468463,1539181,10824.00,2022
Husband & Wife AlaparaigalğŸ˜œ|wait for d endğŸ˜œğŸ˜‚|Fun concept|#shorts #tamil #funny #comedy #fun #couple,04-02-2022,PT57S,15428748,767073,741.00,2022
KOMPILASI VIDEO REACTION #part5 BISA-BISANYA TOILET ORG KAYA PAKE REMOT ğŸ—¿ğŸ¥²  #shorts #reaction,15-02-2022,PT60S,16988735,764730,10655.00,2022
KOMPILASI VIDEO REACTION #part5 BISA-BISANYA TOILET ORG KAYA PAKE REMOT ğŸ—¿ğŸ¥²  #shorts #reaction,15-02-2022,PT60S,16988735,764730,10655.00,2022
Salute to Indian army ğŸ‡®ğŸ‡³â¤ï¸ #shorts,21-02-2022,PT60S,205247537,15110925,12454.00,2022
Childhood friendship story ğŸ‘«â¤ï¸ #shorts #jaanvipatel | Jaanvi Patel|,27-02-2022,PT60S,47472239,2982954,4321.00,2022
Is video ke liye ek like toh Banta haiâ¤ï¸|| Gulshan kalra #shorts,03-03-2022,PT60S,38249471,3221418,1373.00,2022
Is video ke liye ek like toh Banta haiâ¤ï¸|| Gulshan kalra #shorts,03-03-2022,PT60S,38249471,3221418,1373.00,2022
à¦¹à¦¾.. à¦ à¦•à¦¿ à¦•à¦°à¦²à§‡ à¦¤à§à¦®à¦¿... à¦®à¦¾...| Baby Mom Comedy #shorts,07-03-2022,PT58S,51127782,1496539,0.00,2022
DESAFIO: Um dia inteiro comendo sÃ³ comida MARROM #Shorts,08-03-2022,PT49S,15375096,1344436,14901.00,2022
Sad story ğŸ¥ºâ¤ï¸|| Gulshan kalra #shorts,14-03-2022,PT60S,70069848,4964422,3680.00,2022
Kya minku kabhi jeet bhi payega?â¤ï¸ğŸ˜‚ğŸ”« | Raj Grover | #shorts,15-03-2022,PT60S,36518790,2262873,1329.00,2022
Kya minku kabhi jeet bhi payega?â¤ï¸ğŸ˜‚ğŸ”« | Raj Grover | #shorts,15-03-2022,PT60S,36518790,2262873,1329.00,2022
Koshish karna ki is Holi per aapke apne aapke saath ho ğŸ˜­ğŸ˜­ğŸ˜­ğŸ™#shorts #happyholi #holihai,16-03-2022,PT60S,63665905,4206715,2170.00,2022
Every gang will have this riders ğŸ˜‚ğŸ¤¦ğŸ»â€â™‚ï¸ #mabucrush #shorts #comedy,18-03-2022,PT28S,22795111,1155022,695.00,2022
"LA MILLONARIA VIDA DE LIKE NASTYA, LA YOUTUBER MÃS RICA DEL MUNDO #Shorts",19-03-2022,PT58S,20176349,1536301,0.00,2022
à¤•à¤¾à¤®à¤µà¤¾à¤²à¥€ à¤¬à¤¾à¤ˆ à¤”à¤° à¤®à¥‡à¤¹à¤®à¤¾à¤¨  ğŸ˜‚ğŸ˜œ| Kaamwali Bai Part 12 #Shorts #Shortsbreak,19-03-2022,PT60S,263884973,9761146,7163.00,2022
Aisa bhi pyaar hota hai Kya ??ğŸ¥ºâ¤ï¸|| Gulshan kalra #shorts,22-03-2022,PT60S,21051367,1967798,1463.00,2022
Ká»² ÃN BÃNH MÃŒ THá»ŠT #Shorts,25-03-2022,PT60S,17828487,613708,1992.00,2022
Kids AlaparaigalğŸ˜œğŸ˜‚| Grandmother fun ğŸ˜œğŸ˜|100%fun guaranteeğŸ˜‚|Naga Sangitha #shorts #funny #fun #comedy,28-03-2022,PT47S,26442034,887581,887.00,2022
à¤šà¤¾à¤¬à¥€ à¤•à¤¹à¤¾à¤ à¤¹à¥ˆ? ğŸ˜† Badi Behen Vs Choti Behen Part 4 #Shorts #Shortsbreak #takeabreak,29-03-2022,PT58S,148005467,7545220,4311.00,2022
America ğŸ‡ºğŸ‡¸ vs Japan ğŸ‡¯ğŸ‡µ vs India ğŸ‡®ğŸ‡³ ~ Why Dog is barking ? #priyalkukreja #shorts #ytshorts,01-04-2022,PT46S,45382463,1372891,2579.00,2022
Baby à¤¤à¥à¤® à¤•à¥à¤¯à¤¾ à¤•à¤° à¤°à¤¹à¥‡ à¤¹à¥‹? ğŸ¤£ #Shorts #Shortsbreak #takeabreak,06-04-2022,PT39S,103421433,4495965,2663.00,2022
à¤•à¤¾à¤®à¤µà¤¾à¤²à¥€ à¤¬à¤¾à¤ˆ à¤”à¤° à¤µà¤¿à¤°à¤¾à¤Ÿ à¤•à¥‹à¤¹à¤²à¥€ ğŸğŸ˜‚ IPL | Kaamwali Bai Part 16 #Shorts #Shortsbreak,10-04-2022,PT59S,350916014,14438280,12344.00,2022
Superpower Invisibility ğŸ§™â€â™€ï¸ğŸ”®~ Irritate your Sibling ğŸ˜‚ #priyalkukreja #shorts #ytshorts,19-04-2022,PT51S,33600085,1188818,3696.00,2022
Salute to Indian armyğŸ¥ºâ¤ï¸|| Gulshan kalra #shorts,20-04-2022,PT60S,45484644,3267214,4745.00,2022
à¤›à¥‹à¤Ÿà¥€ à¤¬à¥‡à¤¹à¥‡à¤¨ à¤”à¤° Model Life ğŸ˜† | Badi Behen Vs Choti Behen - Part 6 #Shorts #Shortsbreak,23-04-2022,PT60S,249449211,11507965,10807.00,2022
Affair Gone Wrong ğŸ˜‚ğŸ¤£ #Shorts #Shortsbreak #takeabreak,26-04-2022,PT58S,74150159,3541388,3497.00,2022
UM DIA COMENDO SÃ“ COMIDA REDONDA #Shorts,27-04-2022,PT36S,8924457,765389,4183.00,2022
When You Realize You're A Vegan #Shorts,02-05-2022,PT36S,3956330,256201,1474.00,2022
à¤•à¤¾à¤®à¤µà¤¾à¤²à¥€ à¤¬à¤¾à¤ˆ à¤”à¤° Bachelors ğŸ¤£ğŸ¤£ | Kaamwali Bai - Part 23 #Shorts #Shortsbreak #takeabreak,08-05-2022,PT58S,169294403,8347641,4373.00,2022
Watch till the end ğŸ˜‚ğŸ§â€â™‚ï¸ğŸ”¥ #shorts #funny,11-05-2022,PT48S,208214247,9985772,3296.00,2022
"""DON'T SAY GAY"" (EXTENDED VERSION) #shorts",12-05-2022,PT59S,104422574,6385647,28171.00,2022
Tag & share with panipuri lovers ğŸ˜‚â¤ï¸ #shorts #funny #panipuri,16-05-2022,PT56S,119373730,8977919,9258.00,2022
#shorts Ø·Ø±Ù‚Ù‡ ÙØ­Øµ Ø§Ù„Ø°Ù‡Ø¨ ğŸ˜±,19-05-2022,PT15S,177334990,2376379,6894.00,2022
Our love ğŸ’•story promoğŸ˜ğŸ¥° â¤ï¸| withLove Nagaraj Sangeetha #shorts #love #tamil #family #fun #family,20-05-2022,PT60S,43434247,1646155,32586.00,2022
Cute Tooktook choose chips ğŸŸ lollipop ğŸ­ cold drink ğŸ¥¤put  #shorts,22-05-2022,PT14S,53865552,649450,316.00,2022
à¤˜à¤° à¤®à¥‡à¤‚ à¤«à¥‹à¤Ÿà¥‹à¤¶à¥‚à¤Ÿ ğŸ¤£ | Kaamwali Bai - Part 25 #Shorts #Shortsbreak #takeabreak,29-05-2022,PT60S,214573111,9746125,7213.00,2022
à¤›à¥‹à¤Ÿà¥€ à¤¬à¥‡à¤¹à¥‡à¤¨ à¤”à¤° Boarding School ğŸ¤£ğŸ¤£ | Badi Behen Vs. Choti Behen - Part 7 #Shorts #Shortsbreak,31-05-2022,PT60S,103147129,6322098,3098.00,2022
â€œHai respirato? Allora il bagno tra 12 giorniâ€ ğŸ¥² #danycabras #danythegaggio #short #shorts,16-06-2022,PT60S,8418885,400653,1857.00,2022
Ä‚n váº·t tuá»•i thÆ¡ P1558 #shorts,17-06-2022,PT39S,299412054,3916193,1504.00,2022
Clip #shorts triá»‡u view tik tok Trung â¤ï¸ 2k3 TV,22-06-2022,PT11S,111014325,1091079,1565.00,2022
seeing wife face for first time #shorts,02-07-2022,PT60S,62480512,1004181,25352.00,2022
Emotional storyğŸ˜­ğŸ’”( video pasand aaye toh ek like zaroor karna ) #shorts,05-07-2022,PT60S,38158581,2222436,2978.00,2022
Emotional storyğŸ˜­ğŸ’”( video pasand aaye toh ek like zaroor karna ) #shorts,05-07-2022,PT60S,38158581,2222436,2978.00,2022
BIP HOUSE / Ğ‘Ğ˜ĞŸ Ğ¥ĞĞ£Ğ¡ #SHORTS,09-07-2022,PT50S,122639094,4832074,5406.00,2022
Adorable Boy Eating Big Size Fuchka#shorts#streetfood,09-07-2022,PT59S,15023228,565621,2635.00,2022
Tom and Jerry (Anu&Rithvi) End twist ğŸ˜‚ Part 39 #shorts,10-07-2022,PT60S,67061764,2140484,0.00,2022
Dress à¤•à¤¾ à¤šà¤•à¥à¤•à¤°! ğŸ¤£ | Badi Behen Vs. Choti Behen - Part 11 #Shorts #Shortsbreak #takeabreak,12-07-2022,PT53S,111629213,5847298,3329.00,2022
SabÃ­as que? El Grinch #shorts   #peliculas,14-07-2022,PT31S,4464540,194158,233.00,2022
à¤®à¥à¤à¥‡ à¤­à¥€ à¤†à¤¨à¤¾ à¤¹à¥ˆ ğŸ¤£ | Badi Behen Vs. Choti Behen - Part 12 #Shorts #Shortsbreak #takeabreak,19-07-2022,PT57S,115580885,5608341,3158.00,2022
Galatasaray 3 - 2 Real Madrid MaÃ§Ä± #shorts #keÅŸfet,19-07-2022,PT58S,5816367,169473,3748.00,2022
EM LÃ€ EM ANH HUY #Shorts,19-07-2022,PT60S,20650896,620679,1155.00,2022
Language problem ğŸ˜| #shorts #naveenricky,20-07-2022,PT60S,12582583,679252,601.00,2022
Language problem ğŸ˜| #shorts #naveenricky,20-07-2022,PT60S,12582583,679252,601.00,2022
Báº£n #shorts - bá»¯a cÆ¡m 52 triá»‡u Ä‘áº¯t nháº¥t Viá»‡t Nam,31-07-2022,PT52S,26319111,574157,9920.00,2022
Teacher's Daughter Alaparaigal ğŸ¤£ | Share with your Friends ğŸ˜‚ #shorts #jennimj #ytshorts,04-08-2022,PT56S,11068899,636270,1522.00,2022
Food Vloggers in AmericağŸ‡ºğŸ‡¸ vs India ğŸ‡®ğŸ‡³ğŸ˜‚ @ChahatAnand #shorts #ytshorts #priyalkukreja,06-08-2022,PT43S,46009680,0,5740.00,2022
Káºº Láº¬P Dá»Š #Shorts,08-08-2022,PT60S,9127901,275904,1455.00,2022
LES MUESTRO MIS ÃšTILES PARA LA ESCUELA! ğŸ’– #shorts,09-08-2022,PT55S,19004013,1046527,4020.00,2022
Sisters à¤”à¤° Gifts ğŸ˜ | Badi Behen Vs. Choti Behen - Part 14 #Shorts #Shortsbreak #takeabreak,13-08-2022,PT56S,136026559,8139062,9630.00,2022
Coolest Gadgets Satisfying #shorts #satisfying #satisfyingvideo #gadgets #gadgetsforeveryhome,16-08-2022,PT14S,121381595,0,3438.00,2022
LA ESTAFA QUE HACEN LAS JOYERÃAS CON EL ORO #shorts,16-08-2022,PT36S,41961303,1647894,16790.00,2022
Couple Eating Emojis Challenge | #asmr #food #shorts,18-08-2022,PT54S,122459514,3275068,6128.00,2022
Maa hoti he maağŸ¥ºâ¤ï¸ || A Hearttouching video || #shorts #emotional #hearttouchingstory,19-08-2022,PT60S,9725237,564122,836.00,2022
Hard Landing Boeing 747 at Gibraltar Airport #shorts,19-08-2022,PT60S,4762588,91351,1280.00,2022
Dar sabko lagta hai hain?ğŸ¤£ #shorts #ytshorts #relatable #haircolour #funny #maimohini,21-08-2022,PT60S,102906089,4586085,2533.00,2022
Grocery shopping with the kids!,21-08-2022,PT60S,57496825,1426027,5116.00,2022
CAUÃŠ TÃ NAMORANDO A VIZINHA ? #shorts #kwai,23-08-2022,PT59S,15994474,1263134,1985.00,2022
If Words are the new Currency ğŸ¤‘ Part-3 #funnyshorts #ytshorts #shorts,26-08-2022,PT60S,28133011,1921027,1576.00,2022
aisa kon javab deta heğŸ˜‚ğŸ˜œ  #shorts #funnyvideo #youtubeshorts #viral #short #trending,29-08-2022,PT60S,49735159,3295819,2361.00,2022
MAJBOOR ğŸ˜…|| KUNAL MANDLOI || KAJAL SONI || CONTANT | #shorts #shortsvideo #kunqlsquad @kajalsoni,31-08-2022,PT44S,31034820,1266641,520.00,2022
Industry Baby - New Shorts Videos | Reaction Videos | New TikTok Videos | Insta Reels Videos #shorts,02-09-2022,PT20S,59103715,1440600,1644.00,2022
Sandwich with horseradish by Tsuriki Show #shorts,07-09-2022,PT56S,12961416,675769,168.00,2022
My First and Last day at the Gym ğŸ˜©â€¦ #shorts,10-09-2022,PT49S,3608222,244583,5335.00,2022
"Tool Items!ğŸ˜New Viral Gadgets, Smart Appliances, Kitchen Utensils/Home Inventions #shorts #gadgets",12-09-2022,PT10S,102707129,1098462,819.00,2022
SIAPA YANG SERING LAPER MALEM MALEM?! ğŸ˜­ğŸ™ AKU!!! #shorts #laperbener #makan  #bihun,12-09-2022,PT60S,6016614,318823,4398.00,2022
Father vs son part -2 nanna prema â¤ï¸â¤ï¸ #youtubeshorts #shorts #prashubaby,17-09-2022,PT60S,41271780,2764166,6138.00,2022
XIN Äá»‚U #Shorts,20-09-2022,PT60S,17024827,510429,3326.00,2022
XIN Äá»‚U #Shorts,20-09-2022,PT60S,17024827,510429,3326.00,2022
Nutella Bucket Chocolate Ice Cream,28-09-2022,PT21S,27755251,773620,0.00,2022
à¤‡à¤¤à¤¨à¤¾ à¤¸à¤¾à¤°à¤¾ à¤•à¤¾à¤®! ğŸ˜‚ğŸ¥µ | Kaamwali Bai - Part 36 #Shorts #Shortsbreak #takeabreak,02-10-2022,PT60S,210192264,8993640,6324.00,2022
Women ğŸ¤£ğŸ˜‚ #shorts #funny,05-10-2022,PT43S,33649685,1991087,1482.00,2022
Boys life ğŸ˜¢ #shorts #funny,08-10-2022,PT19S,86848820,3023520,4158.00,2022
Sisters à¤•à¤¾ Battle! ğŸ˜† | Badi Behen Choti Behen - Part 19 | #Shorts | Shorts Break,08-10-2022,PT60S,55626551,3490644,3124.00,2022
QUE HAY EN MI BOLSO CON MI HERMANA KAREN ğŸ‘›ğŸ˜¨ #shorts,09-10-2022,PT60S,5704657,389718,2310.00,2022
Willy Wonka's son has a girlfriend (not for kids) #shorts,11-10-2022,PT48S,4589999,307104,1881.00,2022
Prashant Vs. Sheela Didi ğŸ˜‚âš”ï¸ | Kaamwali Bai - Part 38 | #Shorts | Shorts Break,15-10-2022,PT60S,82110997,4764508,2289.00,2022
SCHOOL-TRIP BAGğŸ’ CHALLENGE!!! ğŸ˜ğŸ’« #shorts #youtubeshorts,15-10-2022,PT60S,37342760,1581765,41491.00,2022
SCHOOL-TRIP BAGğŸ’ CHALLENGE!!! ğŸ˜ğŸ’« #shorts #youtubeshorts,15-10-2022,PT60S,37342760,1581765,41491.00,2022
hombres vs mujeres broma del fantasma xd #shorts #xd #nose #humor,16-10-2022,PT57S,15958216,1145682,26043.00,2022
Bhai behen ka pyaarğŸ˜‚â¤ï¸|| Gulshan kalra #shorts #punjabijachde #kulchechole #dilrajgrewal,20-10-2022,PT60S,48908976,3764728,1793.00,2022
AiyoyoğŸ˜³ğŸ«£ wait for the twistğŸ˜‚ğŸ’¯ Share wid ur momğŸ˜ğŸ˜‚ #shorts #imsubu #diwali,20-10-2022,PT60S,20716960,938522,608.00,2022
World's Shortest Woman #345,21-10-2022,PT60S,153771927,5048631,32668.00,2022
Goodland | Banana cut ğŸŒ #goodland #shorts #doodles #banana,26-10-2022,PT28S,275566616,4768180,3082.00,2022
â€¼ï¸NEW FRUITS CHALLENGE â€¼ï¸ #shorts,28-10-2022,PT36S,43255817,1158798,564.00,2022
GTA 5 Epic Water Ragdolls | Spider-Man Jumps / Fails ep.106 #shorts,28-10-2022,PT55S,140331233,2590512,837.00,2022
#shorts #Ã¶ÄŸretmen #teacher #okulÃ¶ncesi  #eÄŸitim #ingilizce #learning #teaching #youtubeshorts,30-10-2022,PT34S,11635247,299813,2977.00,2022
kesa Choona Lagaya ğŸ˜‚ğŸ˜‚ Fries Kisko Pasand hain ?ğŸ˜‚ Salman Nomanâ¤ï¸ #shorts,02-11-2022,PT60S,30031636,2132948,1346.00,2022
3 Colored ChallengeğŸŒˆ #shorts What is better?,04-11-2022,PT58S,191193704,0,0.00,2022
bajare da sita #shorts,05-11-2022,PT15S,113845166,1513097,0.00,2022
MAKING SLIME ğŸ¡ AT 1 RUPEES BOOMER - #shorts #slime #fish #trending,06-11-2022,PT59S,15766785,726144,16830.00,2022
When You Go To The Mall With Your Mom #Shorts,09-11-2022,PT42S,11980399,606385,4641.00,2022
When You Go To The Mall With Your Mom #Shorts,09-11-2022,PT42S,11980399,606385,4641.00,2022
à¤®à¥‡à¤°à¥‡ à¤¨à¤ Shoes ğŸ˜ | Badi Behen Choti Behen - Part 22 | #Shorts | Shorts Break,15-11-2022,PT51S,45543177,2761954,1443.00,2022
Activating my THICK Pink Posca Mopâ€™r Marker! #shorts,19-11-2022,PT57S,127092821,4353251,16944.00,2022
Shishira tho mamoluga unfashionableğŸ«¢ğŸ˜‚ğŸ¤£#shishira vlogs #shorts #comedy #sisira #funnyvideo #fun,20-11-2022,PT59S,17741287,0,627.00,2022
Girl Things #partnership #shorts #sparklewithshorts,21-11-2022,PT60S,27147854,1139252,962.00,2022
Makeup paithiyamğŸ’„| #niece #comedy #shorts | Wils Pat,26-11-2022,PT28S,44809596,1521279,1261.00,2022
à¤¶à¥€à¤²à¤¾ à¤¦à¥€à¤¦à¥€ aur Rickshaw ğŸ¤£ | Kaamwali Bai - Part 44 | #shorts | Shorts Break,27-11-2022,PT52S,261810011,9599413,6251.00,2022
o LUVA no final ğŸ¤© #Shorts,03-12-2022,PT46S,12494737,753590,2445.00,2022
o LUVA no final ğŸ¤© #Shorts,03-12-2022,PT46S,12494737,753590,2445.00,2022
AQUELA CRIANÃ‡A SENDO ARRUMADA - bÃ¡rbara coura #shorts,03-12-2022,PT56S,12048999,657767,2013.00,2022
AQUELA CRIANÃ‡A SENDO ARRUMADA - bÃ¡rbara coura #shorts,03-12-2022,PT56S,12048999,657767,2013.00,2022
PELEAS DE HERMANOS,05-12-2022,PT49S,37735602,2943954,28490.00,2022
PELEAS DE HERMANOS,05-12-2022,PT49S,37735602,2943954,28490.00,2022
It was scary ğŸ˜ŸğŸ’€â˜ ï¸ğŸ‘» #shorts #comedy #relationship,06-12-2022,PT49S,18956239,0,8095.00,2022
à¤†à¤œà¤¸à¥‡ No Indian à¤šà¥€à¥›à¥‡ ğŸ˜ | #shorts | Shorts Break,06-12-2022,PT51S,143988204,6099499,4901.00,2022
Is it Quismois or Christmas?! #shorts #bigfamily,06-12-2022,PT58S,7548268,264536,0.00,2022
Tom ğŸ“ Jerry (Rithvi&Kavi)ğŸ’Mom love End Twist ğŸ˜‚ğŸˆ#shorts,06-12-2022,PT60S,95434373,1708964,0.00,2022
Toys ğŸ§¸ inside chips ğŸŸ pack ğŸ˜‹  | #shorts | Monika Prabhu,08-12-2022,PT46S,10109346,216396,0.00,2022
When you have next level mind ğŸ˜ #shorts #funny,08-12-2022,PT60S,27944367,1968543,1036.00,2022
Just A Normal Football/Soccer Game In OhioğŸ’€ #shorts #funny #memes #football,10-12-2022,PT29S,29125218,1067133,6885.00,2022
Mummy Ko Khilayi 500 rs ki Chocolate| Mom and Daughter Part 9 #shorts #ferrerorocher #gupshupp,11-12-2022,PT55S,59783958,2016939,1488.00,2022
"Professional makeup artist,makeup tutorial,beauty artist #makeup #beauty #shorts #makeuptutorial",12-12-2022,PT57S,7140898,356674,2165.00,2022
Singapore à¤•à¤¾ à¤–à¤¾à¤¨à¤¾ ğŸ’€! ğŸ¤£ğŸ¤£ | Maa Beta #Shorts | Shorts Break,13-12-2022,PT42S,25377946,949240,1742.00,2022
#youtubeshorts #shorts #color #names #20 #love #scratch #letter #lovestatus #bff #draw,14-12-2022,PT16S,42397385,728439,15444.00,2022
Aula de inglÃªs Ã© tipo.. crÃ©dios: KABY ANIMA #memes #stumbleguys #shorts,16-12-2022,PT43S,6149219,410592,892.00,2022
Pyar Tumse ğŸ¥°| Cute Love Story #shorts #short,16-12-2022,PT60S,36512398,738797,1047.00,2022
Pinky master plan ğŸ¤£ | à®ªà¯à®·à¯à®ªà®¾à®£à®¾ à®ªà®¿à®³à®µà®°à¯à®©à¯ à®¨à®¿à®©à¯ˆà®šà¯à®šà®¿à®™à¯à®•à®³à®¾ fire ğŸ˜‚ğŸ¤£#shorts #comedy #fun,17-12-2022,PT59S,10610975,346373,398.00,2022
Banana is alive  Needs surgical operation  Save berry #shorts,19-12-2022,PT44S,336686455,6861227,3605.00,2022
PAPAS ACORDEÃ“N: SÃºper Crocantes y Hermosas! #shorts,21-12-2022,PT42S,42087950,2479917,4689.00,2022
HÃ€I : BÃ€I HÃT TÃŠN GÃŒ #Shorts,23-12-2022,PT60S,15558974,384139,2534.00,2022
HÃ€I : GIÃNG SINH Vá»  Má»’M #Shorts,24-12-2022,PT60S,13054146,258782,570.00,2022
HÃ€I : Bá» Cá»¦A CÃ‚U GIá»œ #Shorts,27-12-2022,PT60S,20226978,424375,894.00,2022
Respect shorts #shorts ğŸ˜ğŸ’¯ğŸ”¥ğŸ’¯ğŸ˜,28-12-2022,PT53S,70549535,2269179,2775.00,2022
HÃ€I : TÃ€N NHÆ¯NG Bá» KHÃ”NG PHáº¾ #Shorts,28-12-2022,PT60S,16796461,431834,1230.00,2022
Samsung Galaxy Z Flip 4 phone case collection #shorts #galaxyzflip4,29-12-2022,PT10S,25486120,481027,1834.00,2022
HÃ i: RU CON BÃ Äáº O #shorts,30-12-2022,PT60S,27269094,449205,675.00,2022
Choose your birthday month and see your princess gownâ™¥ï¸âœ¨ #shorts  #princess,31-12-2022,PT50S,53125850,0,32686.00,2022
à¤•à¤¾à¤®à¤µà¤¾à¤²à¥€ à¤¬à¤¾à¤ˆ à¤•à¥€ New Year Party ğŸ¥³ | Kaamwali Bai - Part 49 | #shorts | Shorts Break,31-12-2022,PT54S,102695805,4347252,2413.00,2022
"Gadgets, Smart Appliances, Kitchen Utensils/Home Cleaning/Inventions P200  #shorts",03-01-2023,PT10S,368805339,2662390,1670.00,2023
Ultimate chocolate moist cake #shorts #cooking #recipe,03-01-2023,PT60S,97612845,5254044,12743.00,2023
HÃ€I : HUNG THá»¦ LÃ€... THÃ”I Dáº¸P Má»ŒE ÄI #Shorts,04-01-2023,PT60S,24612319,464537,1068.00,2023
HÃ€I : Láº C Bá» ÄÆ¯á»œNG #Shorts,07-01-2023,PT60S,18076803,429964,1097.00,2023
Sisters à¤”à¤° Face Pack ğŸ˜‚ğŸ˜‰ | Badi Behen Choti Behen - Part 26 | #Shorts | Shorts Break,10-01-2023,PT59S,46274838,2348300,975.00,2023
brawl stars rank up   #shorts #pussinboot #brawlstars,11-01-2023,PT58S,20178298,1199602,4474.00,2023
Tora ( Song ) Tappu Parmar ğŸ”¥ Attitude Viral Shorts Monetization #tappuparmar #shorts #viral #short,12-01-2023,PT16S,35491638,1113356,3977.00,2023
Eating Before And After The Military. #shorts,14-01-2023,PT16S,19085565,1117403,2915.00,2023
à¤®à¤¾à¤ à¤† à¤°à¤¹à¥€ à¤¹à¥ˆ ğŸ˜† | Husband Vs. Wife - Part 27 | #shorts | Shorts Break,14-01-2023,PT60S,133639735,5527167,3503.00,2023
à¤–à¤¾à¤¨à¤¾ à¤¬à¤¨à¤¾ à¤¹à¥ˆ? ğŸ˜¬ğŸ˜‚ |  Kaamwali Bai - Part 51 | #shorts | Shorts Break,15-01-2023,PT54S,139055623,5905744,4097.00,2023
Getting dressed for Uttarayan celebration #shorts #fashion #grwm,15-01-2023,PT60S,28130967,1256889,5048.00,2023
Kite lovers can relateğŸªğŸ˜‚ | Raj Grover | #shorts,16-01-2023,PT60S,63512980,2342673,2110.00,2023
ğŸ˜ Pongal Kari Nal Dad Sothanai ğŸ” | @SonAndDadOfficial #shorts #shortvideo,17-01-2023,PT60S,20029662,875478,471.00,2023
Changing my Girlfriend Car ğŸš˜ color #shorts #couple #relationship,17-01-2023,PT60S,25247570,0,2916.00,2023
Chipmunk& Long Peanut #shorts,20-01-2023,PT10S,37195223,447629,830.00,2023
Shadi m dhoka ğŸ¤£ #shorts #funny,20-01-2023,PT49S,35119633,1810362,579.00,2023
Tom ğŸ“ Jerry (Rithvi&Kavi)Real End Twist ğŸ˜‚ğŸˆ #shorts,20-01-2023,PT60S,220537301,5029266,0.00,2023
Activating my THICK GREEN Posca Marker and Drawing with it! #shorts,20-01-2023,PT60S,103749103,1973557,27512.00,2023
"Prashant, Sayali à¤”à¤° Riya ğŸ˜¬ğŸ˜‚ | Husband Vs. Wife - Part 28 | #shorts | Shorts Break",21-01-2023,PT60S,27598414,1391950,1024.00,2023
HÃ€I : Dá»ŒN NHÃ€ NGÃ€Y Táº¾T #Shorts,21-01-2023,PT60S,16668074,336673,613.00,2023
HÃ i: RA Máº®T NGÆ¯á»œI IU #shorts,22-01-2023,PT60S,9956519,279239,523.00,2023
à¤¬à¤¹à¥‹à¤¤ à¤ à¤£à¥à¤¡ à¤¹à¥ˆ ğŸ¥¶ğŸ¤£ |  Kaamwali Bai - Part 52 | #shorts | Shorts Break,22-01-2023,PT60S,40069787,1972173,1586.00,2023
ğŸ’—ğğ¢ğ§ğ¤ğŸ˜ ğ•ğ¬ âœ¨ğğ¥ğšğœğ¤ğŸ–¤ğŸ˜ ğ§ğšğ¢ğ¥ğ¬ğŸ’…/ğğ«ğğ¬ğ¬ğŸ‘—/ğ¡ğğğ¥ğ¬ğŸ‘ /ğ«ğ¢ğ§ğ ğŸ’/ğ¥ğ¢ğ©ğ¬ğ­ğ¢ğœğ¤ğŸ’„/ğŸ˜â£ï¸âœ¨ | ğ‘ğšğ¢ğ§ğ›ğ¨ğ° ğ ğ¥ğ¢ğ­ğ­ğğ« ğ ğ¢ğŸğ­,23-01-2023,PT57S,24588673,1509866,25185.00,2023
à¤…à¤¬à¥à¤¬à¤¾ à¤¨à¤¹à¥€à¤‚ à¤®à¤¾à¤¨à¥‡à¤‚à¤—à¥‡ ğŸ˜‚ | Maa Beta | #shorts | Shorts Break,24-01-2023,PT54S,24126998,1293407,2005.00,2023
JP University Manish Kashyap #shorts #sachtaknews #jpuniversity,25-01-2023,PT60S,4486408,221584,3294.00,2023
QUANDO EU HIDRATO MEU CABELO ğŸ’†ğŸ»â€â™€ï¸ğŸ’‡ğŸ»â€â™€ï¸ğŸ§Ÿâ€â™€ï¸ #shortsnobrasil #shorts,25-01-2023,PT60S,17054519,1076638,0.00,2023
QUANDO EU HIDRATO MEU CABELO ğŸ’†ğŸ»â€â™€ï¸ğŸ’‡ğŸ»â€â™€ï¸ğŸ§Ÿâ€â™€ï¸ #shortsnobrasil #shorts,25-01-2023,PT60S,17054519,1076638,0.00,2023
à¤†à¤œ à¤—à¤¾à¥œà¥€ à¤¤à¥‡à¤°à¥€ à¤¬à¥‡à¤¹à¥‡à¤¨ à¤šà¤²à¤¾à¤à¤—à¥€! ğŸ˜†ğŸ˜¬| Badi Behen - Choti Behen - Part 28 | #shorts | Shorts Break,26-01-2023,PT60S,90160680,3649285,1809.00,2023
Â¿De cuÃ¡nto hacemos la siguiente? ğŸ’—âœ¨  #parati #makeup #shorts #beautiful,27-01-2023,PT35S,11021006,558167,12015.00,2023
ma dhosthulaku dawath ivvalaa ğŸ˜‚ #shorts #comedy,27-01-2023,PT40S,13724610,434534,0.00,2023
"à¤¬à¤¾à¤ªà¤°à¥‡, à¤‡à¤¤à¤¨à¤¾ à¤®à¥‡à¤¹à¥‡à¤‚à¤—à¤¾! ğŸ˜±ğŸ˜‚ | Kaamwali Bai - Part 53 | #shorts | Shorts Break",28-01-2023,PT60S,71741469,3107208,2196.00,2023
ISSEI funny memory ğŸ˜‚ğŸ˜‚ğŸ˜‚ #Shorts,29-01-2023,PT52S,28633589,1338302,573.00,2023
à¤¬à¤¸ 15 à¤®à¤¿à¤¨à¤Ÿ à¤®à¥‡à¤‚ à¤†à¤¯à¤¾ ğŸ˜† | Husband Vs. Wife - Part 29 | #shorts | Shorts Break,29-01-2023,PT55S,13952447,823405,725.00,2023
Emotional army videoğŸ˜”ğŸ‡®ğŸ‡³|| Gulshan kalra #shorts,30-01-2023,PT60S,11582558,585203,843.00,2023
Sister VS Me | Eating Lay's | JOLO CHIP PRANK on Sister #minkutinku #shorts #ytshorts #comedy #funny,31-01-2023,PT48S,123649507,2492450,1499.00,2023
"à¤¬à¤šà¥à¤šà¥‡ à¤¹à¥ˆ, à¤—à¤²à¤¤à¥€ à¤¤à¥‹ à¤•à¤°à¥‡à¤‚à¤—à¥‡ ğŸ˜‚ | Maa Beta | #shorts | Shorts Break",31-01-2023,PT48S,26296536,1270486,1358.00,2023
Dance teacher â¤ï¸ğŸ˜ #shorts  || Jaanvi patel || #nazneen #sagamusic #uchanaamit #newhindisong2022,31-01-2023,PT60S,56737118,0,2560.00,2023
RAMEN YANG COCOK BUAT SI PALING INTROVERT! #shorts #ngeshortsdulu,01-02-2023,PT57S,5813341,335070,695.00,2023
HÃ i: Báº¢O Váº¬T Cá»¦A Ã”NG HÃ€NG XÃ“M #shorts,01-02-2023,PT60S,7231109,158976,231.00,2023
Sister à¤•à¤¾ Secret Plan ğŸ˜†| Badi Behen - Choti Behen - Part 29 | #shorts | Shorts Break,05-02-2023,PT58S,162219421,6666515,5806.00,2023
Wada pura kiya ğŸ¤£ #shorts #funny,06-02-2023,PT60S,158638221,7862713,3498.00,2023
AQUELA CRIANÃ‡A TENTANDO AJUDAR - bÃ¡rbara coura #shorts,07-02-2023,PT36S,12010268,754829,1246.00,2023
AQUELA CRIANÃ‡A TENTANDO AJUDAR - bÃ¡rbara coura #shorts,07-02-2023,PT36S,12010268,754829,1246.00,2023
I TESTED VIRAL LIFE HACKS #shorts,07-02-2023,PT52S,18763455,1270038,1341.00,2023
NÃ“ TRáºº CON NÃ“ BIáº¾T GÃŒ #Shorts,07-02-2023,PT60S,40615184,732801,1820.00,2023
Lays Chicken #shorts,08-02-2023,PT46S,98109448,4649489,10193.00,2023
5 Dumb Ways to Entertain your BABY while shopping !! #dumbways #shorts #cutebaby,09-02-2023,PT60S,20006622,400176,1419.00,2023
Sneak Food Into Class ğŸ’„+ğŸ« #shorts,10-02-2023,PT27S,15857805,534186,499.00,2023
Siblings RevengeğŸ¤•Part-3ğŸ˜‚Wait for TwistğŸ¤£ #shorts #youtubeshorts #trending #siblings #end #revenge,10-02-2023,PT28S,6116755,280854,392.00,2023
Äá»I Máº¶T NGÆ¯á»œI YÃŠU CÅ¨ VÃ€ ... #Shorts,10-02-2023,PT60S,6263207,169101,626.00,2023
"She Was ""One Minute"" Away From Disaster! #shorts",11-02-2023,PT59S,746717484,13068287,19863.00,2023
à¤­à¥ˆà¤¯à¤¾ à¤”à¤° à¤°à¤¿à¤¯à¤¾ à¤•à¤¾ à¤šà¤•à¥à¤•à¤° ğŸ˜®ğŸ¤£| Kaamwali Bai - Part 55 | #shorts | Shorts Break,12-02-2023,PT60S,184219764,7600225,4574.00,2023
Evolution Of King Kong #Shorts #Evolution #Kingkong,12-02-2023,PT60S,26394861,1108657,3065.00,2023
Talking Tom Cat #shorts,15-02-2023,PT10S,51960203,1618816,950.00,2023
ğŸ˜‚Subscribe to watch more fun! #b45 ib: @TheMooneyBros  #shorts #funny #react #duetify #trynottolaugh,15-02-2023,PT14S,29915252,419561,382.00,2023
à¤®à¥à¤¨à¥à¤¨à¤¾ à¤•à¤¾ à¤¦à¥‹à¤¸à¥à¤¤ ğŸ¤£ | Maa Beta | #shorts | Shorts Break,16-02-2023,PT60S,84549400,4172076,4671.00,2023
ÄIá»€U Äáº¶C BIá»†T CHá»ˆ CÃ“ á» NHáº¬T #vytochigi #shorts #duhocsinhnhat #nhatban,16-02-2023,PT60S,21096862,433674,1289.00,2023
Reel Gone Wrong! ğŸ˜… | Sisters à¤”à¤° Instagram à¤•à¥€ Reel | #shorts | Shorts Break,18-02-2023,PT60S,71025152,2715376,2495.00,2023
Panipuri wale ka dimakğŸ˜‚ğŸ˜ğŸ”¥ #comedy #shorts #funny,20-02-2023,PT60S,32183294,1538204,483.00,2023
Kunjuttan Rocks Epi : 7 | Kunjuttan Love Eggs | M4 Tech | #shorts,21-02-2023,PT54S,328006763,7133023,5337.00,2023
à¤—à¤²à¤¤à¤¿à¤¯à¥‹à¤‚ à¤•à¤¾ Scoreboard ğŸ˜† | Husband Vs. Wife - Part 31 | #shorts | Shorts Break,21-02-2023,PT60S,53623865,2374825,1226.00,2023
Food at Weddings ğŸ¤© #priyalkukreja #shorts #ytshorts,23-02-2023,PT32S,50599472,1343991,7109.00,2023
SHAQ MAKING THINGS LOOK TINY! #shorts,23-02-2023,PT39S,10872582,544683,1380.00,2023
When youâ€™re a people pleaser ğŸ˜­ğŸ˜ğŸ¤­ #Shorts,23-02-2023,PT51S,22757984,1234887,4552.00,2023
BAILE PA TIK TOKğŸ’ƒğŸ» #shorts #santioficial,23-02-2023,PT58S,109466679,4096000,0.00,2023
CÃI GIÃ Cá»¦A Sá»° PHáº¢N Bá»˜I #Shorts,23-02-2023,PT60S,6735337,177684,469.00,2023
Participate in #CalmDown only on YouTube #shorts #ad #TrendingOnShorts,24-02-2023,PT23S,28662935,567936,611.00,2023
à¤œà¥ˆà¤¸à¥‡ à¤•à¥‹ à¤¤à¥ˆà¤¸à¤¾ ğŸ¤£ | Badi Behen - Choti Behen - Part 31 | #shorts | Shorts Break,25-02-2023,PT58S,38682898,1983905,1119.00,2023
Girlfriend+bike+BabajiğŸ˜‚ğŸï¸ğŸ‘§ğŸ»|| Gulshan kalra #shorts,28-02-2023,PT60S,18185081,1010560,823.00,2023
Ela julgou ele sem saber a verdade #shorts,01-03-2023,PT60S,6614108,439200,1758.00,2023
MÃ£e de Rico VS Pobre quando tem confusÃ£o na escola #shorts,01-03-2023,PT60S,3448514,348877,663.00,2023
FINAL EPICO! ğŸ˜œ Videos de risas! Si te ries pierdes!ğŸ¤£ #shorts #tiktok,02-03-2023,PT25S,229485722,3006792,6856.00,2023
Die 10-Sekunden REGEL... ğŸ˜³ğŸ˜‚ | Mohi__07 #shorts,02-03-2023,PT35S,4538845,176421,1178.00,2023
chicasğŸ¥±ğŸ¥± hombresğŸ˜ğŸ˜#shorts #porteros fÃºtbol #humor,04-03-2023,PT26S,5021200,193914,4323.00,2023
"à¤ªà¥ˆà¤¸à¥‹à¤‚ à¤•à¤¾ à¤šà¤•à¥à¤•à¤° ğŸ˜‚ | Maa, Paa aur Beta | #shorts | Shorts Break",04-03-2023,PT58S,56309040,2993250,3889.00,2023
Ab to me top karungağŸ˜‚ #shorts #funny #comedy,04-03-2023,PT59S,170499244,7044774,5064.00,2023
à¤¦à¥‹à¤¸à¥à¤¤à¥‹à¤‚ à¤•à¥‡ à¤¸à¤¾à¤¥ à¤¹à¥‹à¤²à¥€ ğŸ¤ªğŸ”« | Kaamwali Bai - Part 57 | #shorts | Shorts Break,05-03-2023,PT58S,123771338,5239995,3213.00,2023
à¤šà¤¿à¤•à¥à¤•à¥€ à¤•à¤¾ Favorite Color ğŸ˜±ğŸ˜‚ | Gf Bf aur Holi | #shorts | Shorts Break,07-03-2023,PT47S,18640345,778443,1646.00,2023
Ini Bekal Sekolah Aku Seminggu! ğŸ¥ Ada Yang Samaan?? #Shorts,07-03-2023,PT58S,8544123,418466,1770.00,2023
Please Always Help ğŸ˜¢#shorts,09-03-2023,PT45S,22396382,841670,2677.00,2023
Thoughts of School Teacher ğŸ«ğŸ‘©â€ğŸ«ğŸ’ #shorts #viral #school,09-03-2023,PT55S,164407460,5075473,3701.00,2023
ASMR Dirt and stone removal in deep belly button| Remove Huge Navel Stone Animation,11-03-2023,PT54S,96248723,1232555,6254.00,2023
Part - 1 Getting Ready For Our Sisterâ€™s Reception Function #shorts #fashion,11-03-2023,PT60S,51530569,1636942,0.00,2023
The Job Interview ğŸ§‘â€ğŸ“ğŸ˜§ | Kuldeep Singhania #shorts,11-03-2023,PT60S,31237229,1884474,4815.00,2023
Crashing Into An Unknown College ğŸ˜ˆğŸ˜‚ ( Teacher Ne Dat Mari??ğŸ˜­) #shorts,12-03-2023,PT60S,19341964,961564,1865.00,2023
Jaadui bagğŸ˜°ğŸ§³|| Gulshan kalra #shorts,13-03-2023,PT60S,14983643,669991,803.00,2023
Náº®NG Láº®M #Shorts,13-03-2023,PT60S,20884100,425551,866.00,2023
Dáº¡o nÃ y tháº¥y má»i ngÆ°á»i nháº¯c Ä‘áº¿n chiá»u cao hÆ¡i nhiá»u #shorts,14-03-2023,PT59S,10089846,216703,797.00,2023
SIÃŠU ANH HÃ™NG THá»°C Sá»° #Shorts,14-03-2023,PT60S,38903449,742185,2245.00,2023
ï¿¼ chidiyağŸ•Šï¸ ki love story || Jaanvi patel || #shorts #trending  #jaanvi patel,15-03-2023,PT59S,19335417,920589,1145.00,2023
( XÃƒ Há»˜I ÄEN ) YAKUZA ÄÃCH THá»°C #Shorts,15-03-2023,PT60S,25444722,405302,929.00,2023
That got a little ğŸ¥µğŸ‘€ #shorts,16-03-2023,PT27S,37545817,779684,4749.00,2023
That got a little ğŸ¥µğŸ‘€ #shorts,16-03-2023,PT27S,37545817,779684,4749.00,2023
Casual day wÃ¼rd ich mal sagen. #ThatGirl #MorningRoutine #shorts,17-03-2023,PT33S,3278671,169379,1160.00,2023
Sisters à¤•à¤¾ 20 Million Vlog ğŸ˜‚| Badi Behen - Choti Behen - Part 33 | #shorts | Shorts Break,18-03-2023,PT60S,43183093,2035155,3011.00,2023
WHY? ğŸ¤£ #shorts,19-03-2023,PT16S,134905586,1344765,1886.00,2023
Bu Oyunu Ne Zaman GeÃ§eceÄŸimğŸ¥º Ferhat Ã‡elen #shorts,19-03-2023,PT28S,38080966,0,1682.00,2023
Jadui Duniya ğŸŒ #shorts  || Jaanvi patel || #jaanvipatel,19-03-2023,PT60S,25917722,0,1078.00,2023
Girls VS Hair #Shorts,20-03-2023,PT29S,13668138,773643,3779.00,2023
End tak zaroor dekhnağŸ˜â¤ï¸|| @unknownboyvarun ||Gulshan kalra #shorts,20-03-2023,PT60S,49065784,2614285,1733.00,2023
Things every 10 year old doesğŸ˜‚â™¥ï¸ | Raj Grover | #shorts,21-03-2023,PT60S,137634779,5351656,13205.00,2023
Things every 10 year old doesğŸ˜‚â™¥ï¸ | Raj Grover | #shorts,21-03-2023,PT60S,137634779,5351656,13205.00,2023
Chalak girlfriend ğŸ˜‚ || Jaanvi patel #shorts  #jaanvipatel,23-03-2023,PT60S,42884214,1975560,1748.00,2023
Making a Pikachu cake #shorts,23-03-2023,PT60S,37740832,1352354,10401.00,2023
Making a Pikachu cake #shorts,23-03-2023,PT60S,37740832,1352354,10401.00,2023
5 bhaiyo ki behen ko pta liyağŸ˜‚ğŸ˜°|| Gulshan kalra #shorts,24-03-2023,PT60S,32022054,1639052,2364.00,2023
Wait for Twist ğŸ˜†ğŸ¤£ #trending #comedy #shorts #reactionvideo #waitforend #viral #reaction,24-03-2023,PT60S,25233726,733434,385.00,2023
Dhokebhaj ğŸ’”ğŸ˜­ #youtubeshorts #emotional #sad #brokenheart #motivational #viral #story #shorts,24-03-2023,PT60S,12761314,601337,419.00,2023
Dhokebhaj ğŸ’”ğŸ˜­ #youtubeshorts #emotional #sad #brokenheart #motivational #viral #story #shorts,24-03-2023,PT60S,12761314,601337,419.00,2023
Comment me jaimata Di zaroor likhhna â¤ï¸ #shorts,25-03-2023,PT60S,15283391,979895,7080.00,2023
Time Machine story â±ï¸ #shorts  || Jaanvi patel ||,26-03-2023,PT60S,25430696,0,639.00,2023
Kabhi gaye ho 2-2 rs à¤‡à¤•à¤Ÿà¥à¤ à¥‡ karne ğŸ˜‚ #maimohini #comedy #shorts #funny #relatable #kanyapoojan,27-03-2023,PT51S,11945571,455331,289.00,2023
golden freddy makeover ğŸŒŸ #youtooz #collectibles #fnaf #freddy #freddyfazbear #collection #shorts,27-03-2023,PT54S,56945644,2076051,4718.00,2023
Packing School Lunch *SHE IS IN TROUBLE* #shorts,28-03-2023,PT34S,36083999,499730,16813.00,2023
Esa compaÃ±era que vende en el Colegio! ğŸ¤£ğŸ˜‚ #shorts,28-03-2023,PT41S,19731334,1310816,1091.00,2023
Topper aur backbencher ki ladaiğŸ˜…â¤ï¸ #shorts,29-03-2023,PT60S,40019842,2522727,1553.00,2023
Ex se badlağŸ˜ˆğŸ˜‚( part-3 )|| Gulshan kalra #shorts,30-03-2023,PT60S,32249433,1677820,1622.00,2023
à¤•à¤² Sunday à¤¹à¥ˆ! ğŸ˜ | Badi Behen - Choti Behen - Part 35 | #shorts | Shorts Break,01-04-2023,PT60S,81446025,3623392,2463.00,2023
School ki love story ğŸ¥¹ #jaanvipatel  #shorts  || Jaanvi patel || #lovesong #sadsong,01-04-2023,PT60S,29325200,0,2782.00,2023
BEST JORDANS in the WORLD ğŸ˜±,02-04-2023,PT52S,24847706,876714,5869.00,2023
Packing School Lunch *ONLY SOUR CANDY* #shorts,03-04-2023,PT35S,24473511,403361,8328.00,2023
Mummy aur Modern Mela || Part- 2 || ğŸ˜³ #comedy #desimomreacts #mela #shorts,03-04-2023,PT58S,13030188,494227,225.00,2023
Siblings funğŸ˜‚ Part-44ğŸ¤£ Wait for Twist #shorts #youtubeshorts #trending #siblings #sister #brother,03-04-2023,PT59S,8272884,541259,755.00,2023
A TO ÅOBUZIAKI ğŸ˜®ğŸ˜‰  NELA I LILA TWINS STORY #shorts,04-04-2023,PT13S,22792556,242079,0.00,2023
"à®à®ªà¯à®ªà¯‹à®¤à¯ à®šà®£à¯à®Ÿà¯ˆà®¯à®¿à®Ÿà¯à®Ÿà®¾à®²à¯à®®à¯ à®à®©à¯ à®ªà¯Šà®¯à¯à®¯à®¾à®© à®…à®´à¯à®•à¯ˆà®¯à®¿à®²à¯,à®…à®©à¯ˆà®¤à¯à®¤à¯ˆà®¯à¯à®®à¯ à®µà®¿à®Ÿà¯à®Ÿà¯ à®¤à®°à¯à®®à¯ à®’à®°à¯‡ à®‰à®±à®µà¯ à®šà®•à¯‹à®¤à®°à®©à¯â¤ï¸ | #shorts",04-04-2023,PT60S,26843786,1092030,1343.00,2023
The real meaning of friendship â¤ï¸âœŒï¸ #shorts #dosti,05-04-2023,PT60S,34951949,2059979,3368.00,2023
6 ORANG TUMBANG GARA2 MAKAN SEBLAK INI! #shorts #jakartabanget #ngeshortsbareng,06-04-2023,PT58S,9881516,420632,2068.00,2023
Intha Offer Supera irukeeeğŸ˜ğŸ’¯ğŸ”¥ğŸ‰ #lakshmikrishnanaturals #youtubeshorts #youtube #shorts,06-04-2023,PT60S,17576899,610917,442.00,2023
Wait for Indian Bowling ğŸ”¥ #shorts #cricket #cricketshorts #ipl #ipl2023 #viratkohli #teamindia,08-04-2023,PT48S,15943336,0,1674.00,2023
BRUSCHIMICHIS 17 - #shorts,08-04-2023,PT57S,34297696,2011872,6331.00,2023
A normal day of two siblingsğŸ˜‚â™¥ï¸ | Raj Grover | #shorts,08-04-2023,PT60S,32195200,1936049,1961.00,2023
Kadaisila Ipadi mokka vangitane ğŸ˜‚ğŸ¤¦â€â™‚ï¸ğŸ˜‘Invisible pen-ha ğŸ˜ğŸ˜¨ #harishhatricks#youtubeshorts #shorts,08-04-2023,PT60S,17476581,667097,851.00,2023
School Girls | Wrong Uniform Day | School Life | School Days | Girls Problem #shorts,08-04-2023,PT60S,63980677,2371291,2254.00,2023
would you eat this? #shorts,09-04-2023,PT27S,26243237,1706805,13138.00,2023
ASMR Eksperimen Spaghetti Unicorn #shorts #asmr #food,09-04-2023,PT35S,17728865,444284,1864.00,2023
Girls ğŸ‘§ vs Boys ğŸ‘¦ Car driving style ğŸ˜‚ #dushyantkukreja #shorts,09-04-2023,PT56S,37156698,1214021,3446.00,2023
Girls ğŸ‘§ vs Boys ğŸ‘¦ Car driving style ğŸ˜‚ #dushyantkukreja #shorts,09-04-2023,PT56S,37156698,1214021,3446.00,2023
power capsule series ğŸ’ªğŸ˜¯ğŸ˜²||zoya sheikh #viral #youtube #shorts,10-04-2023,PT59S,39463340,1632337,845.00,2023
Tom ğŸ“ Jerry (Rithvi&Kavi)Real End Twist ğŸ˜‚ğŸˆ #shorts,10-04-2023,PT60S,32439524,853571,933.00,2023
Emotional school storyğŸ¥º|| Gulshan kalra #shorts #newsong #sadsong,12-04-2023,PT60S,19419973,969583,2516.00,2023
Types Of Friends | Visiting my house ğŸ˜œğŸ˜‚ #minkutinku #shorts #comedy #funny #ashortaday  #friends,13-04-2023,PT48S,42470957,1279691,1084.00,2023
"Childhood Memories Snacks, #snacks #shorts",19-04-2023,PT23S,12746244,388167,775.00,2023
"Childhood Memories Snacks, #snacks #shorts",19-04-2023,PT23S,12746244,388167,775.00,2023
Rs.100 Gadgets On Amazon - Let's Try #shorts #gadgets,19-04-2023,PT45S,14980971,817632,724.00,2023
NÃ“ á» CÃI Táº¦M - P.2 #Shorts,19-04-2023,PT60S,10549768,241496,553.00,2023
Siblings Goals ğŸ˜‚ #BairanMatke #uttarkumar #sapnachoudhary #renukapanwar #Rubakhan #Trending #shorts,20-04-2023,PT36S,48636556,915638,693.00,2023
ASÃ ERA LA POPULAR DE LA CLASE ğŸ’…ğŸ» #shorts #katieangel,20-04-2023,PT52S,11986483,0,2349.00,2023
ASÃ ERA LA POPULAR DE LA CLASE ğŸ’…ğŸ» #shorts #katieangel,20-04-2023,PT52S,11986483,0,2349.00,2023
Dost k liye Kuch bhiğŸ¥ºâ¤ï¸ğŸ’ªğŸ»|| Gulshan kalra #shorts,20-04-2023,PT60S,44662762,2082446,2515.00,2023
Magical diamond and goggle ğŸ˜¯ğŸ™ˆ||zoya sheikh #viral #youtube #shorts,21-04-2023,PT59S,24608130,960687,809.00,2023
Ladki ko pagal bna diya ğŸ˜‚â¤ï¸ #gulshankalra  || gulshan kalra || #shorts,21-04-2023,PT60S,11767101,721694,1198.00,2023
Random Mint food MUKBANGğŸ¤¢ #shorts,22-04-2023,PT60S,332483043,8127379,44767.00,2023
à¤ªà¤¹à¤²à¥‡ Cake à¤•à¤¿à¤¸à¥‡ à¤–à¤¿à¤²à¤¾à¤Š ğŸ˜‚ | #shorts | Shorts Break,22-04-2023,PT60S,54188374,2381086,2077.00,2023
Miami Vibe DanceSport ğŸ’ƒğŸ¼ğŸ•ºğŸ¼ #shorts,24-04-2023,PT15S,37195260,561859,0.00,2023
Miami Vibe DanceSport ğŸ’ƒğŸ¼ğŸ•ºğŸ¼ #shorts,24-04-2023,PT15S,37195260,561859,0.00,2023
Sigma Pellam Episode -3 #shorts #telugu #funny #comedy #sigmagirl,24-04-2023,PT32S,89070513,1901849,1509.00,2023
Yaha Ka Kapra Mat KatoğŸ˜‚ğŸ˜‚#AnnuSingh #funny #comedy #shorts #video #BRbhai #ashortaday,24-04-2023,PT35S,25648261,427327,1190.00,2023
âš ï¸ Don't Try This At Home ğŸ˜¡ #shorts,24-04-2023,PT49S,7180438,346832,1240.00,2023
BUá»’N Cá»¦A THáº¦Y #Shorts,24-04-2023,PT60S,6735090,183908,875.00,2023
Tag your best friend â¤ï¸ #shorts #dosti,25-04-2023,PT60S,42458356,2743057,2359.00,2023
CRAZY DIY FRIENDS PRANK by 123 GO! SHORTS #shorts,26-04-2023,PT59S,17835413,469114,1911.00,2023
Junior to senior wingğŸ˜ğŸ˜‚ | Raj Grover | #shorts,26-04-2023,PT60S,33135513,1974795,2518.00,2023
hypnotize ğŸ™ˆğŸ˜¯||zoya sheikh #newsong #viral #youtube #shorts,26-04-2023,PT60S,24925570,937826,351.00,2023
Roleplay Gone Wrong ğŸ˜‚ | Husband Vs. Wife - Part 37 | #shorts | Shorts Break,27-04-2023,PT60S,19592631,1062970,2027.00,2023
Amma matram special ğŸ˜ğŸ˜ #amma #prashubaby #shorts #emotional #sad,27-04-2023,PT60S,16167944,1141743,3367.00,2023
Power capsule part 4 || Akshay Nagwadiya || #shorts #magic #superpower  #akshaynagwadiya,27-04-2023,PT60S,12806539,577729,530.00,2023
Kesi lagi maa ki baatğŸ˜‚ #shorts #comedy #funny,27-04-2023,PT60S,31585223,951620,1246.00,2023
Super Mario Bros New Drawing Transition Tutorial #shorts,29-04-2023,PT40S,31219540,1337554,1648.00,2023
TÃN GÃI LÃ€NG - P.2 #shorts,29-04-2023,PT60S,4029886,122156,249.00,2023
à¤¦à¥à¤¨à¤¿à¤¯à¤¾ à¤•à¥‡ 10 à¤¸à¤¬à¤¸à¥‡ à¤—à¤œà¤¼à¤¬ Comparison | 10 Most Amazing Comparison | Facts | #shorts,29-04-2023,PT60S,4862934,396903,718.00,2023
Girls ğŸ‘§ğŸ» vs Boys ğŸ‘¦ğŸ» ~ Using Pressure Cooker ğŸ˜‚ #priyalkukreja #shorts,30-04-2023,PT53S,27674433,818538,3513.00,2023
Bronze to Heroic Journey season 33 free fire max ğŸ”¥||#shorts #short #freefire,30-04-2023,PT59S,20813696,1091290,3063.00,2023
A day in my life *My cooking gone wrong #funnyshorts #ytshorts #shorts,30-04-2023,PT60S,23085399,1222490,1841.00,2023
Thoughts In Summer Vacation ğŸŒ…ğŸŒ #shorts #viral,04-05-2023,PT56S,20731514,822071,2100.00,2023
Siblings FunğŸ¤£ Part-57ğŸ˜‚ Wait For Twist #shorts #youtubeshorts #trending #siblings #sister #brother,04-05-2023,PT60S,10136039,560816,961.00,2023
ğŸ¤£ğŸ¤ª Bad Day in Women's Sports #shorts,05-05-2023,PT25S,111574415,1714236,6717.00,2023
ì•„ë³´ì¹´ë„ğŸ¥‘ ë§ë‘ì´ ë§Œë“¤ê¸° - DIY Avocado Squishy with nano tape #shorts,05-05-2023,PT59S,51561578,2127894,16314.00,2023
à¤®à¥à¤«à¥à¤¤ à¤•à¤¾ à¤¶à¤¿à¤¬à¤¿à¤° ğŸ˜„ | Kaamwali Bai - Part 64 | #shorts | Shorts Break,06-05-2023,PT60S,27676861,1386588,1053.00,2023
Äáº O CHÃCH OUT TRÃŒNH CHá»¦ NHÃ€ #Shorts,07-05-2023,PT60S,11804647,259458,623.00,2023
baby ko kya pasand hai #shorts #viral #funny #comedy,09-05-2023,PT20S,9743117,141647,0.00,2023
Bobby's First BRILLIANT MOVE!! ğŸ¤£ #shorts,09-05-2023,PT53S,5823220,387816,5000.00,2023
Science teacher se panga ğŸ§‘â€ğŸ”¬ | Kuldeep Singhania #shorts,09-05-2023,PT57S,18285008,847356,2934.00,2023
We are Sisters ğŸ«°ğŸ¤£ #maimohini #relatable #shorts #comedy #sisters,09-05-2023,PT60S,9430113,282594,444.00,2023
Unboxing Cute Stationary Set // Unicorn Stationary Set #shorts #youtubeshorts,10-05-2023,PT60S,99916874,2587145,10177.00,2023
BARRA DE CHOCOLATE INFINITA GIGANTE! #shorts,12-05-2023,PT53S,12647163,814851,2704.00,2023
BARRA DE CHOCOLATE INFINITA GIGANTE! #shorts,12-05-2023,PT53S,12647163,814851,2704.00,2023
Only eating mall food for a full day in Thailand! #foodie #shorts #thailand #mallfood #eating,12-05-2023,PT59S,24516441,1305617,5241.00,2023
Pani Se Nikle Salman BhaiğŸ¤£ğŸ¤£ Comedy/ #comedy #funny #ashortaday #shorts #crazypulkit #td ğŸ¤£ğŸ¤£,13-05-2023,PT60S,118663362,3244597,1033.00,2023
emotional ğŸ˜­ ğŸ’” story of chocolate manğŸ’”ğŸ¥º #shorts #viral,16-05-2023,PT38S,35598498,0,829.00,2023
BTS of blind act #viral #youtubeshorts #trending #shortvideo #shorts #short#reality #ytshorts #yt,17-05-2023,PT47S,7566604,418260,387.00,2023
A ti te ha pasado asÃ­ en el CINE? ğŸ«¤ğŸ’” #shorts,17-05-2023,PT59S,11250908,643674,1539.00,2023
Brawl stars rank up#shorts#supermariobros#brawlstars,18-05-2023,PT58S,71503207,2904285,5239.00,2023
Tom & Jerry ğŸˆğŸ€ ğŸ¤£ (Rithvi with family),18-05-2023,PT60S,124846712,1879793,1186.00,2023
funny video ğŸ¤ª//comedy video//#shorts #emotional #fun #funny #comedy #entertainment #viral,19-05-2023,PT22S,63314169,1656685,3614.00,2023
kya setaan baccha he yrrğŸ˜¢ğŸ˜‚ #shorts #youtubeshorts #viral #emotional #short,19-05-2023,PT60S,51376866,1660259,1625.00,2023
School LifeğŸ¥¸ #school #newsession #studentlife #schoollife #students #trending #shorts #deepkaur,20-05-2023,PT26S,14611854,416178,384.00,2023
America ğŸ‡ºğŸ‡¸ vs Japan ğŸ‡¯ğŸ‡µ vs India ğŸ‡®ğŸ‡³ Home Security ğŸ˜‚ Comment best ? #dushyantkukreja #shorts,20-05-2023,PT42S,5626441,198388,2041.00,2023
Monster drives small food truck ğŸ‘»ğŸ›» #shorts,20-05-2023,PT59S,116470950,2278183,897.00,2023
Back painting game,21-05-2023,PT60S,90963142,4225151,6443.00,2023
Men will be men! Boys vs GirlsğŸ’€ğŸ¤£ | Raj Grover | #shorts,21-05-2023,PT60S,29711496,1842468,2544.00,2023
Indian Momsâ€¦.ğŸ¥² #payalpanchal #shorts,21-05-2023,PT60S,25493461,936748,1087.00,2023
The multitalented chokidar ğŸ˜ğŸ˜‚ #shorts #funny,21-05-2023,PT60S,52505643,2695985,1355.00,2023
Most dramatic dog in the world #dog #animalshorts #shorts,22-05-2023,PT15S,27371784,0,10183.00,2023
Táº M BIá»†T TRá»¢ LÃ QUANG #Shorts,22-05-2023,PT60S,8956489,265339,10174.00,2023
Topper ki masti pdi Bhari ğŸ˜‚ #gulshankalra  || gulshan kalra #shorts,22-05-2023,PT60S,16813962,833953,975.00,2023
Topper ki masti pdi Bhari ğŸ˜‚ #gulshankalra  || gulshan kalra #shorts,22-05-2023,PT60S,16813962,833953,975.00,2023
DÃœNYANIN EN ACI NOODLELARINI YÄ°YORUZ! #shorts,23-05-2023,PT40S,4327724,145896,972.00,2023
Pani Puri Challenge ğŸ¤¤ğŸ˜ #shorts #golgappa #fuchka #puchka #asmr #food #india,24-05-2023,PT11S,19567842,0,1956.00,2023
Trigger finger Release surgery #3danimation #viral #neetmotivation #physicswallah #shorts,24-05-2023,PT12S,27858220,0,227.00,2023
Siblings funğŸ˜‚ Part-68ğŸ¤£ Wait for Twist #shorts #youtubeshorts #trending #siblings #brother #sister,24-05-2023,PT60S,12321725,686050,473.00,2023
Siblings funğŸ˜‚ Part-68ğŸ¤£ Wait for Twist #shorts #youtubeshorts #trending #siblings #brother #sister,24-05-2023,PT60S,12321725,686050,473.00,2023
à¤—à¤²à¥€ à¤•à¥‡ à¤›à¤ªà¤°à¥€ à¤†à¤¶à¤¿à¤• ğŸ˜‚||love story â¤ï¸||#shorts #youtubeshorts #love #funny #comedy #chapri,24-05-2023,PT60S,27939784,1075989,521.00,2023
funny vadieo subscribe for more vadieos #shorts,25-05-2023,PT28S,482962560,8355647,15416.00,2023
bohot dhandhi hai ğŸ˜‚ #funny #comedy #realfoolsteam #shorts,25-05-2023,PT41S,114542859,0,7601.00,2023
ğŸ˜Cute BTS StationeriesğŸ’œ School Reopen AlapparaigalğŸ˜œ || #shorts #bts || Ammu Times ||,25-05-2023,PT55S,17122269,552653,1951.00,2023
Jogadores homenageando Vinicius Jr! #futebol #football #viniciusjr #vinijr #shorts,25-05-2023,PT59S,6096107,404738,8228.00,2023
Sir ka Chakkar school me ğŸ˜‚ #gulshankalra  #shorts  || gulshan kalra,25-05-2023,PT60S,20787317,1027600,1365.00,2023
achha beta wahi jo baap ki feeling samjheğŸ˜­ğŸ™ğŸ» #shorts #emotional #youtubeshorts #viral #short,26-05-2023,PT60S,61886893,1754231,1078.00,2023
When you're cursed with good luck...,26-05-2023,PT60S,40090401,2294279,13943.00,2023
Naqueles Dias #shorts #youtube,26-05-2023,PT60S,20754728,881897,3266.00,2023
Sabe de uma coisaâ€¦ #shorts,28-05-2023,PT21S,16862190,563257,1287.00,2023
Sabe de uma coisaâ€¦ #shorts,28-05-2023,PT21S,16862190,563257,1287.00,2023
Saccha pyaarğŸ˜â¤ï¸#shorts #unknownboyvarun,28-05-2023,PT59S,7767206,654790,788.00,2023
AC à¤®à¥‡à¤‚ à¤•à¤¾à¤® à¤•à¤°à¥‚à¤‚à¤—à¥€ ğŸ˜† | Kaamwali Bai - Part 66 | #shorts | Shorts Break,28-05-2023,PT60S,112535599,4799075,2773.00,2023
Only eating Indian food for a full day! #foodie #shorts #indianfood #india #eating,28-05-2023,PT60S,14309547,957036,7016.00,2023
Would you like to have it? #shorts #short,28-05-2023,PT60S,10021797,464079,6401.00,2023
Biwi no.1ğŸ˜‚||funny video || #youtubeshorts #shorts #comedy #funny #reels,28-05-2023,PT60S,23796090,1380437,873.00,2023
I BET YOU DONâ€™T HAVE 30 STAR FIDGETS CHALLENGE ğŸ¤©â­ï¸âœ¨ #shorts #challenge,29-05-2023,PT37S,9768827,0,23207.00,2023
Masoom Garib Bachi | Part 1 | Chulbul Videos | Aditi Sharma | #shorts #youtubeshorts,29-05-2023,PT60S,67398283,1609188,2225.00,2023
Girlfriend k best friend se liya badla ğŸ˜ #shorts #funny,29-05-2023,PT60S,7226210,477248,496.00,2023
FALANDO MAL #shorts,30-05-2023,PT21S,7884721,573494,2449.00,2023
@ponycycle The best gift for kids â¤ï¸ #filaretiki #shorts,30-05-2023,PT60S,328018556,8419304,0.00,2023
Bad Robot Toy Chica Fandub Latino #shorts  #fivenightsatfreddys,30-05-2023,PT60S,6106062,409129,4419.00,2023
oops... wrong way! #shorts,31-05-2023,PT53S,30731522,1556167,8735.00,2023
Quemâ€¦?#comedia #youtubeshorts #youtube #shorts,31-05-2023,PT60S,9483281,0,1169.00,2023
TIK TOK DE LOSSIBLINGS #shorts,01-06-2023,PT16S,6370781,239727,1801.00,2023
à¤®à¥‡à¤°à¥‡ à¤ªà¥à¤°à¤¾à¤¨à¥‡ Books Use à¤•à¤° à¤²à¥‡ ğŸ˜† | Badi Behen - Choti Behen - Part 39 | #shorts | Shorts Break,01-06-2023,PT60S,43602830,2079488,1407.00,2023
I Love U Papa ğŸ‘´ #shortvideo #trending #youtubeshorts #motivation #summerofshorts #ytshorts,01-06-2023,PT60S,46714449,1493079,1935.00,2023
I WANT MORE ğŸ˜µ #shorts,02-06-2023,PT10S,17532143,546076,6695.00,2023
The evolution of making out ğŸ’‹ #couples #shorts,02-06-2023,PT16S,16745629,228362,1956.00,2023
Kuch kuch hota hai movie actress | #viral #best #trending #shorts #samimashorts,02-06-2023,PT31S,12018818,348535,435.00,2023
Kuch kuch hota hai movie actress | #viral #best #trending #shorts #samimashorts,02-06-2023,PT31S,12018818,348535,435.00,2023
ë§¨ì†ë‚šì‹œ ì¢‹ì•„í•˜ëŠ” ë‚šì‹œê¾¼ - bare-handed fishing lover #shorts #ACL,03-06-2023,PT28S,3787547,49897,25.00,2023
Praca domowa #shorts,03-06-2023,PT41S,6987774,308912,2195.00,2023
Was meint ihr?! #shorts,04-06-2023,PT15S,4568238,164326,0.00,2023
School Memories âœ¨ï¸ğŸ¤©âœ¨ï¸ #comedy #comedyvideo #shorts #youtubeshorts #funnyvideo #funny,04-06-2023,PT31S,27119034,0,1483.00,2023
Biwi no.1ğŸ˜‚ #youtubeshorts #comedy #comedyshorts #funny #funnyreel #shorts #golu008 #biwino1,04-06-2023,PT55S,39634611,1868299,1789.00,2023
Atyachar on Vegetarians*ğŸ’€ğŸ˜‚ | Raj Grover | #shorts,04-06-2023,PT60S,35174458,2235131,3126.00,2023
Paise kamaane ki trickğŸ˜…â¤ï¸#shorts #unknownboyvarun,04-06-2023,PT60S,7896018,763627,275.00,2023
Pedda planning idiğŸ˜«ğŸ¤·ğŸ»â€â™€ï¸ #youtubeshorts #shorts #short,05-06-2023,PT53S,9749020,352780,0.00,2023
Biwi no.1 ğŸ˜‚||funny video||#shorts #youtubeshorts #comedy #comedyshorts #funny #funnyreel #biwino1,05-06-2023,PT60S,13369668,1016831,918.00,2023
"New Gadgets, Smart Appliances, Kitchen Tools, Utensils, Home Cleaning/Beauty, Accessories ğŸ˜ #shorts",06-06-2023,PT11S,291562852,3105013,5524.00,2023
Random Amazon Find!ğŸ¥¤ #stanley #shorts #shortscreator #stanleycup #stanleytumbler,06-06-2023,PT14S,6080415,189118,666.00,2023
Eating Only CHINESE Food For 24 Hours Challenge ğŸ¥µğŸ˜« #shorts #ashortaday #foodchallenge#chinesefood,06-06-2023,PT60S,4025321,235851,2350.00,2023
à¤®à¤¾à¤ à¤•à¤¾ à¤¦à¤°à¥à¤¦ğŸ˜­ #youtubeshorts #emotional #viral #love #maa #motivational #sad #shorts #hearttouching,07-06-2023,PT53S,6158783,318563,726.00,2023
Cute Unicorn Stationery Gifting kit ğŸ˜˜ #shorts #stationery,08-06-2023,PT37S,14115857,350858,2446.00,2023
à¤–à¥à¤œà¤²à¥€ à¤µà¤¾à¤²à¥€ à¤°à¥‹à¤Ÿà¥€ğŸ˜‚ #youtubeshorts #comedy #funny #love #fun #viral #hearttouching #shorts,08-06-2023,PT59S,31347041,1211587,1451.00,2023
Chalak panipuri wala ğŸ˜ (part-2) #sabgazab #goldkartz #badboyshah #trending #shorts #funny,08-06-2023,PT60S,5821378,318073,285.00,2023
Elif zwingt Emir zu tanzenğŸ˜‚ğŸ˜‚ #tiktok #emir #shorts,09-06-2023,PT15S,3307672,79287,1210.00,2023
Madam se BadlağŸ˜ˆğŸ˜‚|| @bobbyprankster  Gulshan kalra #shorts,09-06-2023,PT60S,95665413,3456873,2883.00,2023
Dost ki bezzati ka badla ğŸ˜‚ğŸ˜ #shorts  #foryou #schoollife,09-06-2023,PT60S,49045526,2260151,1785.00,2023
"New Gadgets, Smart Appliances, Kitchen Tools, Utensils, Home Cleaning/Beauty, Accessories ğŸ˜ #shorts",10-06-2023,PT15S,185657532,2223383,1483.00,2023
Mummy ko sab pta hota hai â¤ï¸â¤ï¸ #trending #viral #shorts ~@Timetofun,10-06-2023,PT51S,43301917,971618,0.00,2023
The Honest Kid ğŸ˜‚ #dushyantkukreja #shorts,10-06-2023,PT54S,18873880,565773,1085.00,2023
à¤®à¤¾à¤ à¤¬à¥‡à¤Ÿà¤¾ à¤”à¤° à¤šà¥‹à¤° à¤ªà¥à¤²à¤¿à¤¸ ğŸ¤£ |  Maa Beta | #shorts | Shorts Break,10-06-2023,PT59S,50090845,1482909,1470.00,2023
Watch till the end ğŸ¤£ #shorts #funny,10-06-2023,PT59S,17336019,941342,1366.00,2023
Sir ka chakkrğŸ˜‚ğŸ¤˜ğŸ»|| Jaanvi patel #shorts,10-06-2023,PT60S,64407329,0,2531.00,2023
Biwi no.1ğŸ˜‚||funny video||#shorts #youtubeshorts #comedy #funny #funnyvideo #golu008 #biwino1,10-06-2023,PT60S,28891816,1308953,622.00,2023
Megalodon Washed Ashore 2023 #shorts #megalodon #megalodonshark #creaturesofthedeep #monster #ai,11-06-2023,PT24S,44409224,1101341,5718.00,2023
Tom ğŸ“ Jerry (Rithvi&Kavi) Real End Twist ğŸ˜‚ğŸˆ #shorts,11-06-2023,PT60S,39206974,1044327,1702.00,2023
Biwi no.1ğŸ˜‚||funny video||#shorts #youtubeshorts #comedy #funny #funnyreel #golu008 #biwino1 #,11-06-2023,PT60S,33866939,1819705,1895.00,2023
Cute Baby swimming in pool ğŸŒ,12-06-2023,PT10S,45693447,935960,2218.00,2023
MI RUTINA DE LA TARDE en 1 MINUTO #shorts,12-06-2023,PT58S,14080985,624229,0.00,2023
Bá»™ dá»¥ng cá»¥ xá»§i cáº£o full topping #shorts,13-06-2023,PT10S,50821337,392284,269.00,2023
Que vous attendiez vous Ã  voir ?ğŸ˜ #shorts,13-06-2023,PT12S,8357383,265835,887.00,2023
Front Seat à¤ªà¥‡ à¤•à¤¿à¤¸à¥‡ à¤¬à¤¿à¤ à¤¾à¤Š ğŸ˜‚ | #shorts | Shorts Break,13-06-2023,PT59S,66936530,2821313,1394.00,2023
Tom&Jerry.. Real End Twist ğŸ˜†#shorts,13-06-2023,PT60S,395791994,6965246,0.00,2023
"p57 Nhá»¯ng Clip Triá»‡u View SÃ¡ng Táº¡o VÃ  ThÃº Vá»‹ Nháº¥t,  #shorts",14-06-2023,PT22S,94298501,1017181,197.00,2023
pan flavourğŸ˜‚ apko kon sa flavour pasand heğŸ˜œ #shorts #viral #emotional #youtubeshorts #short,14-06-2023,PT60S,86982272,2224153,1246.00,2023
School lifeğŸ˜‚â¤ï¸( English teacher)ğŸ˜‚|| Gulshan kalra #shorts,14-06-2023,PT60S,25008213,1191364,1473.00,2023
The best kids ğŸ”¥ğŸ”¥ğŸ”¥ #filaretiki #social #shorts,15-06-2023,PT60S,185002191,3853228,0.00,2023
ULTRA MARATHON Talking Tom Shorts ğŸ‰ Tous les Ã©pisodes Ã  la suite ğŸ˜œ Dessins animÃ©s pour enfants,16-06-2023,PT00S,22216187,88879,0.00,2023
No One Waits for This EndğŸ˜‚ğŸ‘»â¤ï¸ #shorts,16-06-2023,PT60S,152687142,5686125,17666.00,2023
Gareeb ki cute love storyğŸ˜â¤ï¸ #shorts,17-06-2023,PT59S,15603924,1235569,1126.00,2023
Superheroes but Sonic ğŸ’¥ All Characters #avengers #shorts #marvel,18-06-2023,PT21S,22230126,642246,716.00,2023
honey bee ğŸ #instagram #reels #tamil #trending #troll #kesavkutty #shorts #songs #honey,19-06-2023,PT14S,256660600,3176167,14109.00,2023
He Didn't Even Hesitate ğŸ˜³ #shorts #comedy,19-06-2023,PT26S,18496279,0,27640.00,2023
The end 22 ğŸ˜‚ ğŸ˜‚ ğŸ˜‚ #viral #shorts #funny #fails #humor #humorfolder,19-06-2023,PT58S,40247598,868961,5961.00,2023
ğŸ”´ LIVE! All Minnie's Bow-Toons! ğŸ€| NEW BOW-TOONS: CAMP MINNIE SHORTS! | @disneyjunior,21-06-2023,PT00S,33062717,58137,0.00,2023
ATTEMPTING 5XL DUCK NAILS FOR THE FIRST TIME ğŸ˜±ğŸ˜… #shorts #acrylicnails #selftaught,21-06-2023,PT60S,5784190,296583,1227.00,2023
What Was He Doing? ğŸ˜­ #shorts #comedy,23-06-2023,PT25S,18979466,0,3919.00,2023
On My Way to the Gym ğŸƒâ€â™€ï¸ #shorts #comedy,23-06-2023,PT32S,9944282,0,4442.00,2023
Big Monster ğŸ¤¯ğŸ’¯ğŸ”¥ğŸ’¯ğŸ¤¯,25-06-2023,PT58S,20591405,761745,1350.00,2023
Incredible Penalty Kicks ğŸ¤¯ğŸ¥¶ #shorts,27-06-2023,PT24S,20522345,664976,879.00,2023
Kotha Janta part-34 #comedy #emotional #shorts,27-06-2023,PT59S,13385640,374615,192.00,2023
Life Doodles | Chewing gum is crying ğŸ˜¢ #lifedoodles #doodle #shorts #bubblegum #gum #shortvideo,29-06-2023,PT33S,108490864,2635586,2385.00,2023
Yes or No Challenge!! ğŸ˜± #shorts  #trendingshorts #viral,29-06-2023,PT40S,9265397,0,145.00,2023
Mai Ghar Chorrd Kar Ja Rahi HuğŸ˜­ If Babies Can Talk Ep10 #ytshorts #shorts #AmyraTalks #Funny #Comedy,29-06-2023,PT59S,46782241,1239566,1010.00,2023
à¤®à¤° à¤—à¤¯à¥€ à¤•à¥à¤¯à¤¾? ğŸ˜¬ | Badi Behen - Choti Behen - Part 40 | #shorts | Shorts Break,29-06-2023,PT59S,29346218,1445448,2225.00,2023
Pyaar karo toh aise karoğŸ˜…â¤ï¸#shorts #unknownboyvarun,29-06-2023,PT60S,69508820,3498904,1735.00,2023
Biscuits Halwa #shorts,31-07-2023,PT25S,74906698,1545022,5035.00,2023
BirthdayğŸ‰ PartyğŸˆğŸŠ Look Challenge ğŸ‚ #shorts #ytshorts #funnyshorts,08-08-2023,PT52S,159262324,6389741,0.00,2023
Tom ğŸ“ Jerry (Rithvi&Kavi)Real End Twist ğŸ˜‚ğŸˆ #shorts,01-09-2023,PT60S,24585724,751812,488.00,2023
Harami Student Se Panga ğŸ˜‚-#funnyvideo #funny ï¿¼#shorts,12-09-2023,PT60S,68167342,3173512,4830.00,2023
ğŸ”´ LIVE ğŸƒ HALLOWEEN Stories with Talking Tom! ğŸ‘»ğŸ•·ï¸ @TalkingTom Official Channel,25-10-2023,PT00S,24019950,103113,0.00,2023
à¤¹à¤® à¤²à¤¡à¤¼à¤•à¤¿à¤¯à¤¾à¤ à¤¤à¥‹ à¤à¤¶à¥€ à¤¹à¥€ à¤¹à¥‹à¤¤à¥€ à¤¹à¥ˆğŸ˜‚ğŸ˜œ #viral #comedy #youtubeshorts #funny #drama #motivational #shorts,27-10-2023,PT60S,25696283,808393,659.00,2023
Get Ready With LeoğŸ˜‚ #shorts #minivlog | Anant Rastogi,22-11-2023,PT55S,32153731,888152,1756.00,2023
Haldi ki dance performance ğŸ˜â¤ï¸#neetubisht #trending #shorts  #ytshorts,02-12-2023,PT32S,18882193,780280,3152.00,2023
Pawan sahu v/s Anar dream ğŸ¤‘ #shorts #ytshorts,06-12-2023,PT31S,40556118,2580127,3078.00,2023
Shaaadiii ğŸ’ƒ #shorts #ytshorts #youtubeshorts #sangeet #dance #wedding #ppbisht #creator,07-12-2023,PT38S,38487490,1130364,2112.00,2023
Shaaadiii ğŸ’ƒ #shorts #ytshorts #youtubeshorts #sangeet #dance #wedding #ppbisht #creator,07-12-2023,PT38S,38487490,1130364,2112.00,2023
O vÃ­deo mais Ã©pico ğŸ”¥ #shorts,10-12-2023,PT60S,3810144,374104,3742.00,2023
"cat ğŸ±/the amazing digital circus/ft:pomni,ragatha,jax,Zooble,Gangle,Kinger/#animation#shorts",16-12-2023,PT15S,6511214,313884,13739.00,2023
Em clima de Natal (#shorts),23-12-2023,PT19S,6222899,196464,1967.00,2023
Merry Christmas âœ¨ğŸ„#maimohini #holidaywithshorts #christmas #shorts #comedy #funny,25-12-2023,PT45S,6811018,235324,339.00,2023
DOES THE COKE HACK REALLY WORK ? #shorts,27-12-2023,PT60S,13507453,930939,2112.00,2023
Sharing is caring ğŸ¥°ğŸ˜ğŸ˜Š #shorts,28-12-2023,PT50S,4738412,141630,503.00,2023
Bhai behen aur bodyguardğŸ˜‚â¤ï¸|| Gulshan kalra #shorts,28-12-2023,PT60S,3917838,169930,188.00,2023
COMPRAS E LIKES #shorts,29-12-2023,PT30S,2973648,504700,1030.00,2023
Eating Only Top Famous Indian Food For Full Day #shorts #foodchallenge,29-12-2023,PT45S,616084,43542,347.00,2023
She gave me the BEST CHRISTMAS GIFT?! (Bottle Flip) #shorts,29-12-2023,PT57S,9182141,378559,1675.00,2023
Sweet love story â¤ï¸ #love #shorts #couplegoals #adaah7866 #amityadav340 @amityadav340 ï¿¼,29-12-2023,PT59S,339585,27195,73.00,2023
CÃ³mo se veÃ­an las frutas antes que los humanos #shorts,30-12-2023,PT19S,1808051,137901,731.00,2023
Part 2 à¤•à¥à¤¤à¥à¤¤à¤¾ à¤–à¥à¤¸à¥€ à¤•à¥‡ à¤®à¤¾à¤°à¥‡ à¤•à¥à¤¯à¥‹à¤‚ à¤à¥‚à¤® à¤‰à¤ à¤¾ #shorts @ProfessorNitin #love,30-12-2023,PT40S,3584360,324634,2056.00,2023
WHEN MOVIE BLOOPERS ARE BETTER THAN THE ACTUAL MOVIE!! #shorts,30-12-2023,PT47S,6164794,464138,409.00,2023
O GÃŠNIO DA BATATA! #shorts,30-12-2023,PT54S,7713229,430995,697.00,2023
Raat Ko Ye Game  Kabhi Mat KhelnağŸ˜± #shivamsingh #ytshorts #shorts,30-12-2023,PT60S,3272004,300181,1574.00,2023
WAS THE WINDOW BROKEN ? This scares me #shorts,30-12-2023,PT60S,6633939,475511,606.00,2023
Haradan harayaâ€¼ï¸ #shorts #ayselmunis #munisus,31-12-2023,PT35S,435221,23051,110.00,2023
DESAFIO DA BOLA COM OS ROSA! #shorts,31-12-2023,PT50S,8220561,727963,1455.00,2023
New Year ka Pehla Hug ğŸ˜† | #shorts | Shorts Break,31-12-2023,PT58S,9485743,516570,458.00,2023
TESTE PARA SABER SE VOCÃŠ Ã‰ ALIENÃGENAâ€¦ ğŸ˜°ğŸ›¸ğŸ‘½ #shorts,31-12-2023,PT59S,297353,34489,731.00,2023
hume humesa sath me rhena chahiyeğŸ™ğŸ» #shorts #youtubeshorts #emotional #viral #short,31-12-2023,PT60S,9776543,250199,140.00,2023
Siap Siap Indonesia Jadi Negara KAYA #Shorts,31-12-2023,PT60S,504547,44118,2441.00,2023
New year par bachho k liye bnayi BrownieğŸ¥° #shorts #shortsfeed #trending #viral #cake #youtube,31-12-2023,PT60S,1144775,91693,1078.00,2023
